node,in,out,centrality,betweeness,closeness,eigenvector,hub,authority,prev,next
ai 406566 stf,1,0,0.022727272727299998,0.0,0.022727272727299998,-0.0391932123462,0.0,-0.0,1,0
ai 406566 stf,1,0,0.022727272727299998,0.0,0.022727272727299998,-0.0391932123462,0.0,-0.0,1,0
ai 562241 stf,1,0,0.022727272727299998,0.0,0.022727272727299998,-0.0391932101415,0.0,-0.0,1,0
ai 562241 stf,1,0,0.022727272727299998,0.0,0.022727272727299998,-0.0391932101415,0.0,-0.0,1,0
ai 621999 stf,0,5,0.113636363636,0.0,0.0,-3.39987205056e-11,0.375,-0.0,0,0
ai 622001 stf,0,5,0.113636363636,0.0,0.0,8.12571676612e-11,0.375,-0.0,0,0
ai 622001 stf,0,5,0.113636363636,0.0,0.0,8.12571676612e-11,0.375,-0.0,0,0
ai 622527 stf,3,0,0.06818181818180001,0.0,0.06818181818180001,0.218291754546,0.0,0.222222222222,0,0
ai 622527 stf,3,0,0.06818181818180001,0.0,0.06818181818180001,0.218291754546,0.0,0.222222222222,0,0
ai 622527 stf,3,0,0.06818181818180001,0.0,0.06818181818180001,0.218291754546,0.0,0.222222222222,0,0
ai 632877 stf,0,3,0.06818181818180001,0.0,0.0,2.1341835243500002e-10,0.25,-0.0,0,0
ai 649191 stf,3,0,0.06818181818180001,0.0,0.06818181818180001,0.218291742715,0.0,0.222222222222,0,0
ai 649191 stf,3,0,0.06818181818180001,0.0,0.06818181818180001,0.218291742715,0.0,0.222222222222,0,0
ai 649191 stf,3,0,0.06818181818180001,0.0,0.06818181818180001,0.218291742715,0.0,0.222222222222,0,0
ai 676991 stf,0,3,0.06818181818180001,0.0,0.0,-4.68032279599e-11,0.0,-0.0,0,0
ai 676991 stf,0,3,0.06818181818180001,0.0,0.0,-4.68032279599e-11,0.0,-0.0,0,0
ap 259 stf,1,0,0.022727272727299998,0.0,0.022727272727299998,0.0633319113203,0.0,-1.5658844600299998e-18,0,0
es 3 stf,1,0,0.022727272727299998,0.0,0.022727272727299998,-0.135159292859,0.0,-1.1035045720799997e-32,0,0
hc 102813 stj,1,0,0.022727272727299998,0.0,0.022727272727299998,-0.0791398652643,0.0,-0.0,0,0
hc 10435 stj,1,0,0.022727272727299998,0.0,0.022727272727299998,-0.0791398622272,0.0,-0.0,0,0
hc 59641 stj,1,0,0.022727272727299998,0.0,0.022727272727299998,0.39653589578299997,0.0,-2.79648097074e-18,0,0
hc 70193 stf,1,0,0.022727272727299998,0.0,0.022727272727299998,0.396535894208,0.0,-2.79648097074e-18,1,0
hc 70193 stf,1,0,0.022727272727299998,0.0,0.022727272727299998,0.396535894208,0.0,-2.79648097074e-18,1,0
hc 70193 stf,1,0,0.022727272727299998,0.0,0.022727272727299998,0.396535894208,0.0,-2.79648097074e-18,1,0
hc 72424 stf,1,0,0.022727272727299998,0.0,0.022727272727299998,0.396535895748,0.0,-3.93896172889e-17,0,0
hc 72865 stf,1,0,0.022727272727299998,0.0,0.022727272727299998,-0.13515929904899998,0.0,-5.98529235586e-33,0,0
hc 73686 stf,1,0,0.022727272727299998,0.0,0.022727272727299998,0.396535897245,0.0,-9.47883568859e-18,0,0
hc 77371 stf,1,0,0.022727272727299998,0.0,0.022727272727299998,-0.03919321386980001,0.0,-0.0,1,0
hc 77371 stf,1,0,0.022727272727299998,0.0,0.022727272727299998,-0.03919321386980001,0.0,-0.0,1,0
hc 77784 stf,1,0,0.022727272727299998,0.0,0.022727272727299998,0.0633319091181,0.0,-1.5658844600299998e-18,0,0
hc 83263 stf,1,0,0.022727272727299998,0.0,0.022727272727299998,0.06333191590750001,0.0,-1.5658844600299998e-18,0,0
hc 84420 stf,1,0,0.022727272727299998,0.0,0.022727272727299998,0.063331911854,0.0,-1.5658844600299998e-18,0,0
hc 84816 stf,1,0,0.022727272727299998,0.0,0.022727272727299998,0.0633319152094,0.0,9.39530676017e-18,0,0
hc 84981 stf,1,0,0.022727272727299998,0.0,0.022727272727299998,-0.135159296345,0.0,-1.1035045720799997e-32,0,0
hc 85156 stf,1,0,0.022727272727299998,0.0,0.022727272727299998,-0.135159297489,0.0,-1.1035045720799997e-32,0,0
hc 85237 stf,1,0,0.022727272727299998,0.0,0.022727272727299998,0.0633319104304,0.0,-5.3240071640999995e-17,0,0
hc 85298 stf,1,0,0.022727272727299998,0.0,0.022727272727299998,0.0633319136961,0.0,1.5658844600299998e-18,0,0
hc 85679 stf,1,0,0.022727272727299998,0.0,0.022727272727299998,0.06333191311030001,0.0,-1.5658844600299998e-18,0,0
hc 85704 stf,1,0,0.022727272727299998,0.0,0.022727272727299998,-0.135159296321,0.0,-1.1035045720799997e-32,0,0
hc 86560 stf,1,0,0.022727272727299998,0.0,0.022727272727299998,-0.0791398680439,0.0,-0.0,0,0
hc 86618 stf,1,0,0.022727272727299998,0.0,0.022727272727299998,0.0633319130527,0.0,-1.5658844600299998e-18,0,0
hc 87571 stf,1,0,0.022727272727299998,0.0,0.022727272727299998,-0.135159296416,0.0,-1.1035045720799997e-32,0,0
hc 89675 stf,1,0,0.022727272727299998,0.0,0.022727272727299998,-0.079139865385,0.0,-0.0,0,0
hc 89970 stf,1,0,0.022727272727299998,0.0,0.022727272727299998,-0.07913986245969999,0.0,-0.0,0,0
hc 90232 stf,1,0,0.022727272727299998,0.0,0.022727272727299998,-0.0791398664224,0.0,-0.0,0,0
hc 90602 stf,1,0,0.022727272727299998,0.0,0.022727272727299998,-0.0791398584032,0.0,-0.0,0,0
hc 90617 stf,0,9,0.204545454545,0.0,0.0,7.562891979340001e-11,0.0,-0.0,0,0
hc 90716 stf,1,0,0.022727272727299998,0.0,0.022727272727299998,-0.07913986061110001,0.0,-0.0,0,0
hc 93283 stf,0,7,0.159090909091,0.0,0.0,-1.6140278003e-10,0.0,-0.0,0,0
hc 94311 stf,0,9,0.204545454545,0.0,0.0,-9.45061529034e-11,0.0,-0.0,0,0
hc 95010 stf,0,4,0.0909090909091,0.0,0.0,4.73529881972e-10,0.0,-0.0,0,0
rhc 67267 stj,1,0,0.022727272727299998,0.0,0.022727272727299998,-0.135159292256,0.0,-1.1035045720799997e-32,0,0
sum. 279 stf,3,0,0.06818181818180001,0.0,0.06818181818180001,0.21829174799000003,0.0,0.222222222222,0,0
sum. 279 stf,3,0,0.06818181818180001,0.0,0.06818181818180001,0.21829174799000003,0.0,0.222222222222,0,0
sum. 279 stf,3,0,0.06818181818180001,0.0,0.06818181818180001,0.21829174799000003,0.0,0.222222222222,0,0
sum. 279 stf,3,0,0.06818181818180001,0.0,0.06818181818180001,0.21829174799000003,0.0,0.222222222222,0,0
sum. 279 stf,3,0,0.06818181818180001,0.0,0.06818181818180001,0.21829174799000003,0.0,0.222222222222,0,0
sum. 282 stf,2,0,0.0454545454545,0.0,0.0454545454545,0.039574343474599996,0.0,0.166666666667,0,0
sum. 282 stf,2,0,0.0454545454545,0.0,0.0454545454545,0.039574343474599996,0.0,0.166666666667,0,0
sum. 282 stf,2,0,0.0454545454545,0.0,0.0454545454545,0.039574343474599996,0.0,0.166666666667,0,0
sum. 282 stf,2,0,0.0454545454545,0.0,0.0454545454545,0.039574343474599996,0.0,0.166666666667,0,0
sum. 282 stf,2,0,0.0454545454545,0.0,0.0454545454545,0.039574343474599996,0.0,0.166666666667,0,0
sum. 356 stf,2,0,0.0454545454545,0.0,0.0454545454545,0.0395743473059,0.0,0.166666666667,0,0
sum. 356 stf,2,0,0.0454545454545,0.0,0.0454545454545,0.0395743473059,0.0,0.166666666667,0,0
sum. 356 stf,2,0,0.0454545454545,0.0,0.0454545454545,0.0395743473059,0.0,0.166666666667,0,0
sum. 356 stf,2,0,0.0454545454545,0.0,0.0454545454545,0.0395743473059,0.0,0.166666666667,0,0
sum. 691 stf,1,0,0.022727272727299998,0.0,0.022727272727299998,-0.079139868408,0.0,-0.0,1,0
sum. 691 stf,1,0,0.022727272727299998,0.0,0.022727272727299998,-0.079139868408,0.0,-0.0,1,0
sum. 691 stf,1,0,0.022727272727299998,0.0,0.022727272727299998,-0.079139868408,0.0,-0.0,1,0
sum. 691 stf,1,0,0.022727272727299998,0.0,0.022727272727299998,-0.079139868408,0.0,-0.0,1,0
sum. 691 stf,1,0,0.022727272727299998,0.0,0.022727272727299998,-0.079139868408,0.0,-0.0,1,0
adi 1275 stf,1,0,0.04,0.0,0.04,0.166401284024,0.0,2.1497619719999998e-17,0,0
adi 2329 stf,1,0,0.04,0.0,0.04,0.166401283236,0.0,3.73579486432e-17,0,0
adi 2417 stf,1,0,0.04,0.0,0.04,0.166401277553,0.0,3.73579486432e-17,0,0
adi 2857 stf,1,0,0.04,0.0,0.04,0.166401274215,0.0,1.72623868794e-17,0,0
adi 2857 stf,1,0,0.04,0.0,0.04,0.166401274215,0.0,1.72623868794e-17,0,0
ai 406566 stf,1,0,0.04,0.0,0.04,0.32873531091200003,0.0,0.0,0,1
ai 406566 stf,1,0,0.04,0.0,0.04,0.32873531091200003,0.0,0.0,0,1
ai 562241 stf,1,0,0.04,0.0,0.04,0.328735298107,0.0,0.0,0,1
ai 562241 stf,1,0,0.04,0.0,0.04,0.328735298107,0.0,0.0,0,1
ai 676991 stf,0,3,0.12,0.0,0.0,9.49197109801e-11,0.0,0.0,0,0
ai 676991 stf,0,3,0.12,0.0,0.0,9.49197109801e-11,0.0,0.0,0,0
ai 747772 stf,0,1,0.04,0.0,0.0,-6.22697553243e-12,0.0,0.0,0,0
hc 104285 stf,0,1,0.04,0.0,0.0,-1.7079671010799998e-12,0.0,0.0,0,0
hc 135558 stj,1,0,0.04,0.0,0.04,0.184861004216,0.0,0.14285714285700002,0,0
hc 42975 stj,1,0,0.04,0.0,0.04,-0.37443926184500004,0.0,-1.83139303465e-17,0,0
hc 70193 stf,1,0,0.04,0.0,0.04,-0.212073789273,0.0,0.0,0,1
hc 70193 stf,1,0,0.04,0.0,0.04,-0.212073789273,0.0,0.0,0,1
hc 70193 stf,1,0,0.04,0.0,0.04,-0.212073789273,0.0,0.0,0,1
hc 76347 stf,1,0,0.04,0.0,0.04,0.184861000313,0.0,0.14285714285700002,0,0
hc 77371 stf,1,0,0.04,0.0,0.04,0.328735316533,0.0,0.0,0,1
hc 77371 stf,1,0,0.04,0.0,0.04,0.328735316533,0.0,0.0,0,1
hc 79238 stf,1,0,0.04,0.0,0.04,0.184861002232,0.0,0.14285714285700002,0,0
hc 79238 stf,1,0,0.04,0.0,0.04,0.184861002232,0.0,0.14285714285700002,0,0
hc 79748 stf,1,0,0.04,0.0,0.04,0.184860996198,0.0,0.14285714285700002,0,0
hc 79748 stf,1,0,0.04,0.0,0.04,0.184860996198,0.0,0.14285714285700002,0,0
hc 79775 stf,1,0,0.04,0.0,0.04,0.18486100191399998,0.0,0.14285714285700002,0,0
hc 79775 stf,1,0,0.04,0.0,0.04,0.18486100191399998,0.0,0.14285714285700002,0,0
hc 79776 stf,1,0,0.04,0.0,0.04,0.184861000001,0.0,0.14285714285700002,0,0
hc 79776 stf,1,0,0.04,0.0,0.04,0.184861000001,0.0,0.14285714285700002,0,0
hc 84439 stf,1,0,0.04,0.0,0.04,0.017524685941099998,0.0,0.0,0,0
hc 87 stj,1,0,0.04,0.0,0.04,-0.37443926675300004,0.0,0.0,0,0
hc 87114 stf,0,2,0.08,0.0,0.0,-9.412248758170001e-11,0.0,0.0,0,0
hc 97479 stf,0,1,0.04,0.0,0.0,-1.90935878219e-11,0.0,0.0,0,0
hc 99724 stf,0,7,0.28,0.0,0.0,6.24094248503e-11,1.0,0.0,0,0
re 627255 stf,0,4,0.16,0.0,0.0,3.8329714402399995e-11,0.0,0.0,0,0
sum. 288 stf,1,0,0.04,0.0,0.04,-0.011605488493899998,0.0,0.0,0,0
sum. 691 stf,1,0,0.04,0.0,0.04,0.18486100205400002,0.0,0.14285714285700002,1,1
sum. 691 stf,1,0,0.04,0.0,0.04,0.18486100205400002,0.0,0.14285714285700002,1,1
sum. 691 stf,1,0,0.04,0.0,0.04,0.18486100205400002,0.0,0.14285714285700002,1,1
sum. 691 stf,1,0,0.04,0.0,0.04,0.18486100205400002,0.0,0.14285714285700002,1,1
sum. 691 stf,1,0,0.04,0.0,0.04,0.18486100205400002,0.0,0.14285714285700002,1,1
ai 242317 stf,1,0,0.0188679245283,0.0,0.0188679245283,0.113108873607,0.0,0.055488183183,0,0
ai 413963 stf,1,0,0.0188679245283,0.0,0.0188679245283,0.11310887355499999,0.0,0.055488183183,0,0
ai 508678 stf,1,0,0.0188679245283,0.0,0.0188679245283,0.113108873421,0.0,0.055488183183,0,0
ai 562809 stf,1,0,0.0188679245283,0.0,0.0188679245283,0.1152003578,0.0,0.0119477609586,0,0
ai 563028 stf,1,0,0.0188679245283,0.0,0.0188679245283,0.11520035830900001,0.0,0.0119477609586,0,0
ai 593514 stf,1,0,0.0188679245283,0.0,0.0188679245283,0.11310887363500001,0.0,0.055488183183,0,0
ai 603952 stf,1,0,0.0188679245283,0.0,0.0188679245283,0.115200358168,0.0,0.0119477609586,0,0
ai 622527 stf,1,0,0.0188679245283,0.0,0.0188679245283,0.115200358117,0.0,0.0119477609586,1,0
ai 622527 stf,1,0,0.0188679245283,0.0,0.0188679245283,0.115200358117,0.0,0.0119477609586,1,0
ai 622527 stf,1,0,0.0188679245283,0.0,0.0188679245283,0.115200358117,0.0,0.0119477609586,1,0
ai 649191 stf,1,0,0.0188679245283,0.0,0.0188679245283,0.115200358335,0.0,0.0119477609586,1,0
ai 649191 stf,1,0,0.0188679245283,0.0,0.0188679245283,0.115200358335,0.0,0.0119477609586,1,0
ai 649191 stf,1,0,0.0188679245283,0.0,0.0188679245283,0.115200358335,0.0,0.0119477609586,1,0
ai 651927 stf,1,0,0.0188679245283,0.0,0.0188679245283,0.11520035820699999,0.0,0.0119477609586,0,0
ai 664567 stf,1,0,0.0188679245283,0.0,0.0188679245283,0.115200358469,0.0,0.0119477609586,0,0
ai 664567 stf,1,0,0.0188679245283,0.0,0.0188679245283,0.115200358469,0.0,0.0119477609586,0,0
ai 764366 stf,1,0,0.0188679245283,0.0,0.0188679245283,0.113108873373,0.0,0.055488183183,0,0
ai 806149 stf,1,0,0.0188679245283,0.0,0.0188679245283,0.11310887319599999,0.0,0.055488183183,0,0
ai 808361 stf,1,0,0.0188679245283,0.0,0.0188679245283,0.154037538348,0.0,0.0192725978017,0,0
ai 839502 stf,0,14,0.264150943396,0.0,0.0,2.4003218857e-10,0.639939064126,0.0,0,0
ai 844105 stf,0,6,0.11320754717,0.0,0.0,3.26888294211e-10,0.222268733504,0.0,0,0
ap 634 stf,1,0,0.0188679245283,0.0,0.0188679245283,0.154365936681,0.0,0.0,0,0
are 675958 stf,1,0,0.0188679245283,0.0,0.0188679245283,0.11310887354,0.0,0.055488183183,0,0
com 4 stj,1,0,0.0188679245283,0.0,0.0188679245283,0.106837268947,0.0,-1.6514217823600002e-18,0,0
ext 1155 stf,0,5,0.09433962264149999,0.0,0.0,2.2672300148400004e-10,0.0,0.0,0,0
ext 1178 stf,1,0,0.0188679245283,0.0,0.0188679245283,0.106837268544,0.0,-1.6514217823600002e-18,0,0
ext 1201 stf,1,0,0.0188679245283,0.0,0.0188679245283,0.106837268971,0.0,-1.6514217823600002e-18,0,0
hc 107780 stf,1,0,0.0188679245283,0.0,0.0188679245283,0.115200358053,0.0,0.0119477609586,0,0
hc 112643 stf,1,0,0.0188679245283,0.0,0.0188679245283,0.137491808762,0.0,0.0,0,0
hc 113037 stf,0,2,0.0377358490566,0.0,0.0,2.49925219409e-10,0.0,0.0,0,0
hc 115807 stf,0,10,0.18867924528299998,0.0,0.0,2.91776047767e-10,0.0,0.0,0,0
hc 218785 stj,1,0,0.0188679245283,0.0,0.0188679245283,0.154365936731,0.0,0.0,0,0
hc 257921 stj,1,0,0.0188679245283,0.0,0.0188679245283,0.137491808367,0.0,0.0,0,0
hc 83250 stf,1,0,0.0188679245283,0.0,0.0188679245283,0.154365936537,0.0,0.0,0,0
hc 84514 stf,1,0,0.0188679245283,0.0,0.0188679245283,0.137491808743,0.0,0.0,0,0
hc 84935 stf,1,0,0.0188679245283,0.0,0.0188679245283,0.154365936192,0.0,0.0,0,0
hc 86997 stf,1,0,0.0188679245283,0.0,0.0188679245283,0.13749180821499998,0.0,0.0,0,0
hc 90162 stf,1,0,0.0188679245283,0.0,0.0188679245283,0.137491808517,0.0,0.0,0,0
hc 90312 stf,1,0,0.0188679245283,0.0,0.0188679245283,0.137491808238,0.0,0.0,0,0
hc 90654 stf,1,0,0.0188679245283,0.0,0.0188679245283,0.13749180834799998,0.0,0.0,0,0
hc 92264 stf,1,0,0.0188679245283,0.0,0.0188679245283,0.13749180834799998,0.0,0.0,0,0
hc 95840 stf,1,0,0.0188679245283,0.0,0.0188679245283,0.13749180829399998,0.0,0.0,0,0
ppe 612 stf,1,0,0.0188679245283,0.0,0.0188679245283,0.10683726893500001,0.0,-1.6514217823600002e-18,0,0
re 140370 stf,1,0,0.0188679245283,0.0,0.0188679245283,0.11310887322,0.0,0.055488183183,0,0
re 140370 stf,1,0,0.0188679245283,0.0,0.0188679245283,0.11310887322,0.0,0.055488183183,0,0
re 265185 stf,1,0,0.0188679245283,0.0,0.0188679245283,0.113108873365,0.0,0.055488183183,0,0
re 445964 stf,1,0,0.0188679245283,0.0,0.0188679245283,0.113108873226,0.0,0.055488183183,0,0
re 589919 stf,0,9,0.169811320755,0.0,0.0,2.44470582667e-10,0.13779220237,0.0,0,0
re 596682 stf,1,0,0.0188679245283,0.0,0.0188679245283,0.15403753769300002,0.0,0.0192725978017,0,0
resp 578585 stj,1,0,0.0188679245283,0.0,0.0188679245283,0.11777071592,0.0,-2.10565115274e-21,0,0
resp 78334 stj,1,0,0.0188679245283,0.0,0.0188679245283,0.11777071636,0.0,-3.00209101089e-20,0,0
rhc 115997 stf,0,5,0.09433962264149999,0.0,0.0,3.2758518120300003e-10,0.0,0.0,0,0
sum. 279 stf,3,0,0.056603773584900006,0.0,0.056603773584900006,0.382346769405,0.0,0.0867085419434,1,0
sum. 279 stf,3,0,0.056603773584900006,0.0,0.056603773584900006,0.382346769405,0.0,0.0867085419434,1,0
sum. 279 stf,3,0,0.056603773584900006,0.0,0.056603773584900006,0.382346769405,0.0,0.0867085419434,1,0
sum. 279 stf,3,0,0.056603773584900006,0.0,0.056603773584900006,0.382346769405,0.0,0.0867085419434,1,0
sum. 279 stf,3,0,0.056603773584900006,0.0,0.056603773584900006,0.382346769405,0.0,0.0867085419434,1,0
sum. 282 stf,2,0,0.0377358490566,0.0,0.0377358490566,0.267146411357,0.0,0.0747607809847,1,0
sum. 282 stf,2,0,0.0377358490566,0.0,0.0377358490566,0.267146411357,0.0,0.0747607809847,1,0
sum. 282 stf,2,0,0.0377358490566,0.0,0.0377358490566,0.267146411357,0.0,0.0747607809847,1,0
sum. 282 stf,2,0,0.0377358490566,0.0,0.0377358490566,0.267146411357,0.0,0.0747607809847,1,0
sum. 282 stf,2,0,0.0377358490566,0.0,0.0377358490566,0.267146411357,0.0,0.0747607809847,1,0
sum. 356 stf,2,0,0.0377358490566,0.0,0.0377358490566,0.267146411051,0.0,0.0747607809847,1,0
sum. 356 stf,2,0,0.0377358490566,0.0,0.0377358490566,0.267146411051,0.0,0.0747607809847,1,0
sum. 356 stf,2,0,0.0377358490566,0.0,0.0377358490566,0.267146411051,0.0,0.0747607809847,1,0
sum. 356 stf,2,0,0.0377358490566,0.0,0.0377358490566,0.267146411051,0.0,0.0747607809847,1,0
sum. 421 stf,1,0,0.0188679245283,0.0,0.0188679245283,0.106837268486,0.0,-2.1997851114399998e-17,0,0
sum. 636 stf,1,0,0.0188679245283,0.0,0.0188679245283,0.113108873265,0.0,0.055488183183,0,0
sum. 691 stf,1,0,0.0188679245283,0.0,0.0188679245283,0.137491808533,0.0,0.0,1,1
sum. 691 stf,1,0,0.0188679245283,0.0,0.0188679245283,0.137491808533,0.0,0.0,1,1
sum. 691 stf,1,0,0.0188679245283,0.0,0.0188679245283,0.137491808533,0.0,0.0,1,1
sum. 691 stf,1,0,0.0188679245283,0.0,0.0188679245283,0.137491808533,0.0,0.0,1,1
sum. 691 stf,1,0,0.0188679245283,0.0,0.0188679245283,0.137491808533,0.0,0.0,1,1
sum. 696 stf,1,0,0.0188679245283,0.0,0.0188679245283,0.15436593615900002,0.0,0.0,0,0
sum. 7 stj,1,0,0.0188679245283,0.0,0.0188679245283,0.154037537822,0.0,0.0192725978017,0,0
sum. 7 stj,1,0,0.0188679245283,0.0,0.0188679245283,0.154037537822,0.0,0.0192725978017,0,0
ai 622001 stf,0,7,0.145833333333,0.0,0.0,1.4771728285e-10,0.291502622129,0.0,0,0
ai 622001 stf,0,7,0.145833333333,0.0,0.0,1.4771728285e-10,0.291502622129,0.0,0,0
ai 622527 stf,1,0,0.020833333333299998,0.0,0.020833333333299998,0.176492843991,-0.0,0.041643231732699994,0,1
ai 622527 stf,1,0,0.020833333333299998,0.0,0.020833333333299998,0.176492843991,-0.0,0.041643231732699994,0,1
ai 622527 stf,1,0,0.020833333333299998,0.0,0.020833333333299998,0.176492843991,-0.0,0.041643231732699994,0,1
ai 649191 stf,1,0,0.020833333333299998,0.0,0.020833333333299998,0.17649284409000002,-0.0,0.041643231732699994,0,1
ai 649191 stf,1,0,0.020833333333299998,0.0,0.020833333333299998,0.17649284409000002,-0.0,0.041643231732699994,0,1
ai 649191 stf,1,0,0.020833333333299998,0.0,0.020833333333299998,0.17649284409000002,-0.0,0.041643231732699994,0,1
ai 703803 stf,1,0,0.020833333333299998,0.0,0.020833333333299998,0.0919011817306,-0.0,0.0253034777811,0,0
ai 705593 stf,1,0,0.020833333333299998,0.0,0.020833333333299998,0.20750354493,-0.0,0.0506069555622,0,0
ai 713692 stf,1,0,0.020833333333299998,0.0,0.020833333333299998,0.207503544671,-0.0,0.0506069555622,0,0
ai 718993 stf,1,0,0.020833333333299998,0.0,0.020833333333299998,0.207503544798,-0.0,0.0506069555622,0,0
ai 741535 stf,1,0,0.020833333333299998,0.0,0.020833333333299998,0.0919011817618,-0.0,0.0253034777811,0,0
ai 744686 stf,1,0,0.020833333333299998,0.0,0.020833333333299998,0.207503544746,-0.0,0.0506069555622,0,0
ai 746303 stf,1,0,0.020833333333299998,0.0,0.020833333333299998,0.207503545187,-0.0,0.0506069555622,0,0
ai 838930 stf,1,0,0.020833333333299998,0.0,0.020833333333299998,0.20750354491700002,-0.0,0.0506069555622,0,0
are 727723 stf,0,6,0.125,0.0,0.0,7.637866727970001e-11,0.17712434446800002,0.0,0,0
are 737174 stf,1,0,0.020833333333299998,0.0,0.020833333333299998,0.17649284430999998,-0.0,0.041643231732699994,0,0
are 782603 stf,0,6,0.125,0.0,0.0,1.81968546134e-12,0.17712434446800002,0.0,0,0
are 852331 stf,0,8,0.166666666667,0.0,0.0,1.7350240688599998e-10,0.354248688935,0.0,0,0
hc 101004 stf,1,0,0.020833333333299998,0.0,0.020833333333299998,0.127521027536,-0.0,0.0,0,0
hc 104075 stf,1,0,0.020833333333299998,0.0,0.020833333333299998,0.00218030748564,-0.0,0.0253034777811,0,0
hc 106158 stf,1,0,0.020833333333299998,0.0,0.020833333333299998,0.0365869093247,-0.0,0.0,0,0
hc 106991 stf,1,0,0.020833333333299998,0.0,0.020833333333299998,0.0365869094784,-0.0,0.0,0,0
hc 107769 stf,1,0,0.020833333333299998,0.0,0.020833333333299998,0.00218030748753,-0.0,0.0253034777811,0,0
hc 110055 stf,1,0,0.020833333333299998,0.0,0.020833333333299998,0.036586909245,-0.0,0.0,0,0
hc 110404 stf,1,0,0.020833333333299998,0.0,0.020833333333299998,0.0021803076585,-0.0,0.0253034777811,0,0
hc 116767 stf,0,1,0.020833333333299998,0.0,0.0,1.3193085513e-10,-0.0,0.0,1,0
hc 116767 stf,0,1,0.020833333333299998,0.0,0.0,1.3193085513e-10,-0.0,0.0,1,0
hc 118568 stf,1,0,0.020833333333299998,0.0,0.020833333333299998,0.0365869096067,-0.0,0.0,0,0
hc 119039 stf,1,0,0.020833333333299998,0.0,0.020833333333299998,0.127521027502,-0.0,0.0,0,0
hc 120830 stf,0,2,0.0416666666667,0.0,0.0,5.146694702359999e-13,-2.1223373449800002e-17,0.0,0,0
hc 121603 stf,0,4,0.08333333333330001,0.0,0.0,1.0724839072399998e-10,-8.712775901260001e-17,0.0,0,0
hc 123437 stf,0,3,0.0625,0.0,0.0,9.238983189610001e-11,-1.29042010651e-17,0.0,0,0
hc 124315 stf,0,9,0.1875,0.0,0.0,3.12889228415e-11,-0.0,0.0,0,0
hc 261604 stj,1,0,0.020833333333299998,0.0,0.020833333333299998,0.157435110931,-0.0,0.0,1,0
hc 261604 stj,1,0,0.020833333333299998,0.0,0.020833333333299998,0.157435110931,-0.0,0.0,1,0
hc 263174 stj,1,0,0.020833333333299998,0.0,0.020833333333299998,0.000609281777125,-0.0,0.0,0,0
hc 290183 stj,1,0,0.020833333333299998,0.0,0.020833333333299998,0.12752102734999998,-0.0,0.0,0,0
hc 45599 stj,1,0,0.020833333333299998,0.0,0.020833333333299998,0.11121315269200001,-0.0,0.0,0,0
mc 22885 stj,1,0,0.020833333333299998,0.0,0.020833333333299998,0.111213152261,-0.0,0.0,0,0
re 590964 stf,1,0,0.020833333333299998,0.0,0.020833333333299998,0.09190118173460002,-0.0,0.0253034777811,0,0
re 718807 stf,1,0,0.020833333333299998,0.0,0.020833333333299998,0.0919011817545,-0.0,0.0253034777811,0,0
rhc 115219 stf,1,0,0.020833333333299998,0.0,0.020833333333299998,0.00218030739993,-0.0,0.0253034777811,0,0
rhc 116205 stf,1,0,0.020833333333299998,0.0,0.020833333333299998,0.0021803073458800002,-0.0,0.0253034777811,0,0
rhc 116944 stf,1,0,0.020833333333299998,0.0,0.020833333333299998,0.036586909519199996,-0.0,0.0,0,0
sum. 21 stf,1,0,0.020833333333299998,0.0,0.020833333333299998,0.0365869095701,-0.0,0.0,0,0
sum. 21 stf,1,0,0.020833333333299998,0.0,0.020833333333299998,0.0365869095701,-0.0,0.0,0,0
sum. 21 stj,1,0,0.020833333333299998,0.0,0.020833333333299998,0.0365869093187,-0.0,0.0,0,0
sum. 279 stf,4,0,0.08333333333330001,0.0,0.08333333333330001,0.47807787827299997,-0.0,0.14285714285700002,1,1
sum. 279 stf,4,0,0.08333333333330001,0.0,0.08333333333330001,0.47807787827299997,-0.0,0.14285714285700002,1,1
sum. 279 stf,4,0,0.08333333333330001,0.0,0.08333333333330001,0.47807787827299997,-0.0,0.14285714285700002,1,1
sum. 279 stf,4,0,0.08333333333330001,0.0,0.08333333333330001,0.47807787827299997,-0.0,0.14285714285700002,1,1
sum. 279 stf,4,0,0.08333333333330001,0.0,0.08333333333330001,0.47807787827299997,-0.0,0.14285714285700002,1,1
sum. 280 stf,1,0,0.020833333333299998,0.0,0.020833333333299998,0.0919011818351,-0.0,0.0253034777811,0,0
sum. 280 stf,1,0,0.020833333333299998,0.0,0.020833333333299998,0.0919011818351,-0.0,0.0253034777811,0,0
sum. 282 stf,1,0,0.020833333333299998,0.0,0.020833333333299998,0.176492844296,-0.0,0.041643231732699994,1,1
sum. 282 stf,1,0,0.020833333333299998,0.0,0.020833333333299998,0.176492844296,-0.0,0.041643231732699994,1,1
sum. 282 stf,1,0,0.020833333333299998,0.0,0.020833333333299998,0.176492844296,-0.0,0.041643231732699994,1,1
sum. 282 stf,1,0,0.020833333333299998,0.0,0.020833333333299998,0.176492844296,-0.0,0.041643231732699994,1,1
sum. 282 stf,1,0,0.020833333333299998,0.0,0.020833333333299998,0.176492844296,-0.0,0.041643231732699994,1,1
sum. 284 stf,2,0,0.0416666666667,0.0,0.0416666666667,0.383996389055,-0.0,0.09225018729489999,1,0
sum. 284 stf,2,0,0.0416666666667,0.0,0.0416666666667,0.383996389055,-0.0,0.09225018729489999,1,0
sum. 284 stf,2,0,0.0416666666667,0.0,0.0416666666667,0.383996389055,-0.0,0.09225018729489999,1,0
sum. 356 stf,1,0,0.020833333333299998,0.0,0.020833333333299998,0.17649284396499998,-0.0,0.041643231732699994,1,1
sum. 356 stf,1,0,0.020833333333299998,0.0,0.020833333333299998,0.17649284396499998,-0.0,0.041643231732699994,1,1
sum. 356 stf,1,0,0.020833333333299998,0.0,0.020833333333299998,0.17649284396499998,-0.0,0.041643231732699994,1,1
sum. 356 stf,1,0,0.020833333333299998,0.0,0.020833333333299998,0.17649284396499998,-0.0,0.041643231732699994,1,1
sum. 64 stf,1,0,0.020833333333299998,0.0,0.020833333333299998,0.0365869095574,-0.0,0.0,0,0
sum. 64 stj,1,0,0.020833333333299998,0.0,0.020833333333299998,0.0365869094912,-0.0,0.0,0,0
sum. 691 stf,3,0,0.0625,0.0,0.0625,0.239343462442,-0.0,0.0,1,1
sum. 691 stf,3,0,0.0625,0.0,0.0625,0.239343462442,-0.0,0.0,1,1
sum. 691 stf,3,0,0.0625,0.0,0.0625,0.239343462442,-0.0,0.0,1,1
sum. 691 stf,3,0,0.0625,0.0,0.0625,0.239343462442,-0.0,0.0,1,1
sum. 691 stf,3,0,0.0625,0.0,0.0625,0.239343462442,-0.0,0.0,1,1
ai 717821 stf,1,0,0.0125,0.0,0.0125,4.93119210366e-07,-0.0,-1.14845461795e-16,0,0
ai 742460 stf,1,0,0.0125,0.0,0.0125,-3.62239956203e-07,-0.0,-6.12668884138e-18,0,0
ai 786044 stf,1,0,0.0125,0.0,0.0125,-9.60838291015e-08,-0.0,1.0933731129799999e-17,0,0
ai 802331 stf,1,0,0.0125,0.0,0.0125,4.93124734799e-07,-0.0,3.5099178615500004e-17,0,0
ai 805701 stf,1,0,0.0125,0.0,0.0125,-9.60818386273e-08,-0.0,1.0933731129799999e-17,0,0
ai 841690 stf,1,0,0.0125,0.0,0.0125,-9.6082741058e-08,-0.0,1.0933731129799999e-17,0,0
ai 842478 stf,1,0,0.0125,0.0,0.0125,4.931220959569999e-07,-0.0,1.3144249185699999e-17,0,0
ai 847452 stf,1,0,0.0125,0.0,0.0125,-9.6084200724e-08,-0.0,1.0933731129799999e-17,0,0
are 639228 stf,1,0,0.0125,0.0,0.0125,-9.60824417623e-08,-0.0,1.0933731129799999e-17,0,0
are 691595 stf,1,0,0.0125,0.0,0.0125,4.93129409175e-07,-0.0,3.5099178615500004e-17,0,0
are 696263 stf,1,0,0.0125,0.0,0.0125,4.931242185199999e-07,-0.0,3.5099178615500004e-17,0,0
are 696347 stf,1,0,0.0125,0.0,0.0125,4.93121649189e-07,-0.0,3.5099178615500004e-17,0,0
are 748371 stf,1,0,0.0125,0.0,0.0125,-1.7519313853900002e-07,-0.0,1.12228005981e-18,0,0
are 772836 stf,1,0,0.0125,0.0,0.0125,-1.75196507573e-07,-0.0,-4.993971976899999e-19,0,0
are 776423 stf,1,0,0.0125,0.0,0.0125,-1.75189122697e-07,-0.0,1.12228005981e-18,0,0
are 790511 stf,1,0,0.0125,0.0,0.0125,-3.62239688394e-07,-0.0,-5.12873361343e-18,0,0
are 823822 stf,1,0,0.0125,0.0,0.0125,4.19958240109e-08,-0.0,5.3433704368000004e-18,0,0
are 881117 stf,0,7,0.0875,0.0,0.0,7.29655557987e-15,-0.0,-0.0,0,0
are 891473 stf,0,13,0.1625,0.0,0.0,-1.6710759219e-14,-0.0,-0.0,0,0
are 992478 stf,0,9,0.1125,0.0,0.0,-6.30007460262e-14,-0.0,-0.0,0,0
aresp 728759 stj,1,0,0.0125,0.0,0.0125,1.7130567288e-08,-0.0,2.63007815381e-18,0,0
hc 103282 stf,2,0,0.025,0.0,0.025,-4.76044577585e-07,-0.0,-0.0,0,0
hc 104167 stf,1,0,0.0125,0.0,0.0125,1.71310512084e-08,-0.0,2.63007815381e-18,0,0
hc 105501 stf,1,0,0.0125,0.0,0.0125,1.71308094763e-08,-0.0,2.63007815381e-18,0,0
hc 108778 stf,1,0,0.0125,0.0,0.0125,1.71311536916e-08,-0.0,2.63007815381e-18,0,0
hc 110974 stf,2,0,0.025,0.0,0.025,-5.4089441285000005e-08,-0.0,1.62771015666e-17,0,0
hc 112130 stf,1,0,0.0125,0.0,0.0125,1.71307089991e-08,-0.0,4.76001480484e-17,0,0
hc 114867 stf,2,0,0.025,0.0,0.025,-4.7604519095100005e-07,-0.0,-0.0,0,0
hc 116767 stf,2,0,0.025,0.0,0.025,-5.40910339434e-08,-0.0,1.62771015666e-17,0,0
hc 116767 stf,2,0,0.025,0.0,0.025,-5.40910339434e-08,-0.0,1.62771015666e-17,0,0
hc 118 stj,1,0,0.0125,0.0,0.0125,-3.62242034361e-07,-0.0,-5.12873361343e-18,0,0
hc 118714 stf,2,0,0.025,0.0,0.025,-5.4091329304900005e-08,-0.0,1.62771015666e-17,0,0
hc 122229 stf,1,0,0.0125,0.0,0.0125,4.19983467706e-08,-0.0,5.3433704368000004e-18,0,0
hc 125969 stf,0,3,0.0375,0.0,0.0,-1.59884832571e-14,-0.0,-0.0,0,0
hc 126046 stf,0,3,0.0375,0.0,0.0,-6.68017867957e-14,-0.0,-0.0,0,0
hc 126409 stf,1,1,0.025,0.000158227848101,0.0125,1.73910463476e-07,-0.0,-0.0,0,0
hc 126559 stf,0,12,0.15,0.0,0.0,4.84824311952e-14,0.47834610729500004,-0.0,0,0
hc 126560 stf,0,12,0.15,0.0,0.0,1.6834529442e-14,0.47834610729500004,-0.0,0,0
hc 129734 stf,0,3,0.0375,0.0,0.0,3.02463301128e-14,-0.0,-0.0,0,0
hc 129734 stf,0,3,0.0375,0.0,0.0,3.02463301128e-14,-0.0,-0.0,0,0
hc 130037 stf,0,1,0.0125,0.0,0.0,2.03606058758e-14,-0.0,-0.0,0,0
hc 131924 stf,0,1,0.0125,0.0,0.0,8.384284820100001e-14,-0.0,-0.0,0,0
hc 131924 stf,0,1,0.0125,0.0,0.0,8.384284820100001e-14,-0.0,-0.0,0,0
hc 132454 stf,1,0,0.0125,0.0,0.0125,-3.62238879125e-07,-0.0,-5.12873361343e-18,0,0
hc 134889 stf,0,2,0.025,0.0,0.0,-2.52179023755e-14,0.0433077854091,-0.0,0,0
hc 135405 stf,0,1,0.0125,0.0,0.0,1.45432383348e-14,-0.0,-0.0,0,0
hc 138561 stf,0,7,0.0875,0.0,0.0,2.97943867927e-15,-0.0,-0.0,0,0
hc 261604 stj,2,0,0.025,0.0,0.025,-5.40887045181e-08,-0.0,1.62771015666e-17,0,1
hc 261604 stj,2,0,0.025,0.0,0.025,-5.40887045181e-08,-0.0,1.62771015666e-17,0,1
hc 312269 stj,1,0,0.0125,0.0,0.0125,-9.19463744182e-08,-0.0,-0.0,0,0
hc 312379 stj,1,0,0.0125,0.0,0.0125,-3.84089474875e-07,-0.0,-0.0,0,0
hc 312525 stj,1,0,0.0125,0.0,0.0166666666667,0.999999999997,-0.0,-0.0,0,0
hc 320145 stj,1,0,0.0125,0.0,0.0125,4.82127273773e-07,-0.0,-0.0,1,0
hc 320145 stj,1,0,0.0125,0.0,0.0125,4.82127273773e-07,-0.0,-0.0,1,0
hc 356596 stj,1,0,0.0125,0.0,0.0125,-1.44970423189e-07,-0.0,0.0037441062421599996,0,0
hc 54663 stj,2,0,0.025,0.0,0.025,3.75542400231e-07,-0.0,0.0827093156263,1,0
hc 54663 stj,2,0,0.025,0.0,0.025,3.75542400231e-07,-0.0,0.0827093156263,1,0
hc 61038 stj,1,0,0.0125,0.0,0.0125,1.73906793474e-07,-0.0,-0.0,0,0
hc 79238 stf,2,0,0.025,0.0,0.025,3.75539343771e-07,-0.0,0.0827093156263,0,0
hc 79238 stf,2,0,0.025,0.0,0.025,3.75539343771e-07,-0.0,0.0827093156263,0,0
hc 79748 stf,2,0,0.025,0.0,0.025,3.75550105971e-07,-0.0,0.0827093156263,0,0
hc 79748 stf,2,0,0.025,0.0,0.025,3.75550105971e-07,-0.0,0.0827093156263,0,0
hc 79775 stf,2,0,0.025,0.0,0.025,3.75546839438e-07,-0.0,0.0827093156263,0,0
hc 79775 stf,2,0,0.025,0.0,0.025,3.75546839438e-07,-0.0,0.0827093156263,0,0
hc 79776 stf,2,0,0.025,0.0,0.025,3.7553978363e-07,-0.0,0.0827093156263,0,0
hc 79776 stf,2,0,0.025,0.0,0.025,3.7553978363e-07,-0.0,0.0827093156263,0,0
hc 84014 stf,2,0,0.025,0.0,0.025,3.75535681447e-07,-0.0,0.0827093156263,0,0
hc 85155 stf,1,0,0.0125,0.0,0.0125,4.1990202142300006e-08,-0.0,5.3433704368000004e-18,0,0
hc 85185 stf,2,0,0.025,0.0,0.025,3.75539208157e-07,-0.0,0.0827093156263,0,0
hc 85826 stf,2,0,0.025,0.0,0.025,3.75525451124e-07,-0.0,0.0827093156263,0,0
hc 86213 stf,2,0,0.025,0.0,0.025,3.755387321e-07,-0.0,0.0827093156263,0,0
hc 88229 stf,2,0,0.025,0.0,0.025,3.7553259846799997e-07,-0.0,0.0827093156263,0,0
hc 90902 stf,1,0,0.0125,0.0,0.0125,1.71311257104e-08,-0.0,2.63007815381e-18,0,0
hc 99174 stf,1,0,0.0125,0.0,0.0125,1.71312567557e-08,-0.0,2.63007815381e-18,0,0
re 140370 stf,1,0,0.0125,0.0,0.0125,-9.60830993285e-08,-0.0,1.0933731129799999e-17,0,0
re 140370 stf,1,0,0.0125,0.0,0.0125,-9.60830993285e-08,-0.0,1.0933731129799999e-17,0,0
re 236395 stf,1,0,0.0125,0.0,0.0125,-1.75193282634e-07,-0.0,1.12228005981e-18,0,0
re 550505 stf,1,0,0.0125,0.0,0.0125,-9.608308329269999e-08,-0.0,1.56450374344e-17,0,0
re 866590 stf,0,7,0.0875,0.0,0.0,8.57654283135e-14,-0.0,-0.0,0,0
re 998092 stf,0,7,0.0875,0.0,0.0,-3.0465743934200006e-14,-0.0,-0.0,0,0
rhc 54663 stj,2,0,0.025,0.0,0.025,3.75539184567e-07,-0.0,0.0827093156263,1,0
rhc 54663 stj,2,0,0.025,0.0,0.025,3.75539184567e-07,-0.0,0.0827093156263,1,0
rhc 59567 stj,1,0,0.0125,0.0,0.0125,1.1704377398099999e-07,-0.0,-0.0,0,0
rhc 61038 stj,1,0,0.0125,0.0,0.0125,1.73907898921e-07,-0.0,-0.0,1,0
rhc 61038 stj,1,0,0.0125,0.0,0.0125,1.73907898921e-07,-0.0,-0.0,1,0
rhc 69809 stj,1,0,0.0125,0.0,0.0125,8.36470556114e-08,-0.0,-0.0,1,0
rhc 69809 stj,1,0,0.0125,0.0,0.0125,8.36470556114e-08,-0.0,-0.0,1,0
sum. 279 stf,3,0,0.0375,0.0,0.0375,-4.43156681565e-08,-0.0,3.6581564599600005e-17,1,1
sum. 279 stf,3,0,0.0375,0.0,0.0375,-4.43156681565e-08,-0.0,3.6581564599600005e-17,1,1
sum. 279 stf,3,0,0.0375,0.0,0.0375,-4.43156681565e-08,-0.0,3.6581564599600005e-17,1,1
sum. 279 stf,3,0,0.0375,0.0,0.0375,-4.43156681565e-08,-0.0,3.6581564599600005e-17,1,1
sum. 279 stf,3,0,0.0375,0.0,0.0375,-4.43156681565e-08,-0.0,3.6581564599600005e-17,1,1
sum. 282 stf,2,0,0.025,0.0,0.025,-5.37434257584e-07,-0.0,-1.17405959112e-17,1,1
sum. 282 stf,2,0,0.025,0.0,0.025,-5.37434257584e-07,-0.0,-1.17405959112e-17,1,1
sum. 282 stf,2,0,0.025,0.0,0.025,-5.37434257584e-07,-0.0,-1.17405959112e-17,1,1
sum. 282 stf,2,0,0.025,0.0,0.025,-5.37434257584e-07,-0.0,-1.17405959112e-17,1,1
sum. 282 stf,2,0,0.025,0.0,0.025,-5.37434257584e-07,-0.0,-1.17405959112e-17,1,1
sum. 283 stf,1,0,0.0125,0.0,0.0125,-3.62237793502e-07,-0.0,-5.12873361343e-18,0,0
sum. 284 stf,1,0,0.0125,0.0,0.0125,-3.62235063421e-07,-0.0,-6.12668884138e-18,1,1
sum. 284 stf,1,0,0.0125,0.0,0.0125,-3.62235063421e-07,-0.0,-6.12668884138e-18,1,1
sum. 284 stf,1,0,0.0125,0.0,0.0125,-3.62235063421e-07,-0.0,-6.12668884138e-18,1,1
sum. 287 stf,1,0,0.0125,0.0,0.0125,-9.60816505268e-08,-0.0,1.0933731129799999e-17,1,0
sum. 287 stf,1,0,0.0125,0.0,0.0125,-9.60816505268e-08,-0.0,1.0933731129799999e-17,1,0
sum. 297 stf,1,0,0.0125,0.0,0.0125,-9.6083548747e-08,-0.0,1.09257613057e-17,0,0
sum. 356 stf,2,0,0.025,0.0,0.025,-5.37433103279e-07,-0.0,-4.2559316458500005e-18,0,1
sum. 356 stf,2,0,0.025,0.0,0.025,-5.37433103279e-07,-0.0,-4.2559316458500005e-18,0,1
sum. 356 stf,2,0,0.025,0.0,0.025,-5.37433103279e-07,-0.0,-4.2559316458500005e-18,0,1
sum. 356 stf,2,0,0.025,0.0,0.025,-5.37433103279e-07,-0.0,-4.2559316458500005e-18,0,1
sum. 691 stf,3,0,0.0375,0.0,0.0375,2.30579896596e-07,-0.0,0.0864534218685,0,1
sum. 691 stf,3,0,0.0375,0.0,0.0375,2.30579896596e-07,-0.0,0.0864534218685,0,1
sum. 691 stf,3,0,0.0375,0.0,0.0375,2.30579896596e-07,-0.0,0.0864534218685,0,1
sum. 691 stf,3,0,0.0375,0.0,0.0375,2.30579896596e-07,-0.0,0.0864534218685,0,1
sum. 691 stf,3,0,0.0375,0.0,0.0375,2.30579896596e-07,-0.0,0.0864534218685,0,1
